MBps,bytes,channels,cipher,correct,diffusion_ms,diffusion_share_pct,height,image,image_kind,image_size,keygen_ms,keygen_share_pct,mode,permutation_ms,permutation_share_pct,repeat,run_id,total_ms,variant,width
124.847,1179648,3,logistic_xor,1,1.9416,21.546902466307998,512,images/datasets/real/kodak/kodim01.png,real_kodim01,768x512,5.32934,59.142340950656084,full,0.00062,0.006880448871606385,1,full__real_kodim01__rep1,9.01104,scalar_avx2,768
14.4363,1179648,3,logistic_permute_xor,1,1.27188,1.6321156755633062,512,images/datasets/real/kodak/kodim01.png,real_kodim01,768x512,3.93504,5.0495647922513385,full,71.5013,91.75267521555071,1,full__real_kodim01__rep1,77.9283,scalar_avx2,768
118.199,1179648,3,arnold_xor,1,0.370808,3.895934152988815,512,images/datasets/real/kodak/kodim01.png,real_kodim01,768x512,3.86319,40.58902143558084,full,4.84984,50.95536582957022,1,full__real_kodim01__rep1,9.51782,scalar_avx2,768
78.7209,1179648,3,tiled_arnold_xor,1,2.5791,18.04702260163739,512,images/datasets/real/kodak/kodim01.png,real_kodim01,768x512,4.19302,29.34028409488489,full,5.86593,41.04632286054159,1,full__real_kodim01__rep1,14.291,scalar_avx2,768
77.9106,1179648,3,tent_block_xor,1,1.9006,13.162414471314994,512,images/datasets/real/kodak/kodim01.png,real_kodim01,768x512,11.1189,77.00282556303499,full,0.000567,0.003926701570680628,1,full__real_kodim01__rep1,14.4396,scalar_avx2,768
22.5754,1179648,3,sine_xor,1,0.980255,1.9670761000218728,512,images/datasets/real/kodak/kodim01.png,real_kodim01,768x512,48.4094,97.14306354611692,full,0.000893,0.0017919816346966173,1,full__real_kodim01__rep1,49.8331,scalar_avx2,768
73.6131,1179648,3,coupled_lattice_xor,1,0.558465,3.6542538573279413,512,images/datasets/real/kodak/kodim01.png,real_kodim01,768x512,14.3864,94.13581458652324,full,0.000588,0.003847512857759805,1,full__real_kodim01__rep1,15.2826,scalar_avx2,768
11.7719,1179648,3,hamiltonian_lattice_xor,1,0.808469,0.8459717747462773,512,images/datasets/real/kodak/kodim01.png,real_kodim01,768x512,94.2531,98.62525623411452,full,0.00057,0.0005964408178982471,1,full__real_kodim01__rep1,95.5669,scalar_avx2,768
309.107,1179648,3,chaotic_seed_blake3_xor,1,0.560108,15.389611816942894,512,images/datasets/real/kodak/kodim01.png,real_kodim01,768x512,2.64669,72.72085329933617,full,0.000636,0.017474831845957706,1,full__real_kodim01__rep1,3.63952,scalar_avx2,768
339.291,1179648,3,aes_ctr,1,2.96321,89.36798422071695,512,images/datasets/real/kodak/kodim01.png,real_kodim01,768x512,0,0.0,full,0,0.0,1,full__real_kodim01__rep1,3.31574,openssl_evp,768
844.546,1179648,3,chacha20,1,0.708596,53.19470302083959,512,images/datasets/real/kodak/kodim01.png,real_kodim01,768x512,0,0.0,full,0,0.0,1,full__real_kodim01__rep1,1.33208,openssl_evp,768
137.377,1179648,3,logistic_xor,1,1.86781,22.808322221082506,512,images/datasets/real/kodak/kodim02.png,real_kodim02,768x512,4.6953,57.335550898993304,full,0.000697,0.008511251459246126,1,full__real_kodim02__rep1,8.18916,scalar_avx2,768
13.9002,1179648,3,logistic_permute_xor,1,1.85728,2.2947996090656253,512,images/datasets/real/kodak/kodim02.png,real_kodim02,768x512,4.16614,5.147557957503803,full,73.357,90.63771478841481,1,full__real_kodim02__rep1,80.9343,scalar_avx2,768
94.8685,1179648,3,arnold_xor,1,0.541138,4.563292153307754,512,images/datasets/real/kodak/kodim02.png,real_kodim02,768x512,5.52054,46.55344267824767,full,5.31403,44.81199139857487,1,full__real_kodim02__rep1,11.8585,scalar_avx2,768
91.6343,1179648,3,tiled_arnold_xor,1,1.64416,13.39208770800922,512,images/datasets/real/kodak/kodim02.png,real_kodim02,768x512,3.6839,30.006271839440906,full,5.72242,46.610518770719466,1,full__real_kodim02__rep1,12.2771,scalar_avx2,768
76.5921,1179648,3,tent_block_xor,1,2.02482,13.785351506651597,512,images/datasets/real/kodak/kodim02.png,real_kodim02,768x512,10.9897,74.81992347598751,full,0.000573,0.0039010906714233196,1,full__real_kodim02__rep1,14.6882,scalar_avx2,768
22.2763,1179648,3,sine_xor,1,0.920089,1.8218790468534045,512,images/datasets/real/kodak/kodim02.png,real_kodim02,768x512,49.1498,97.32209685914671,full,0.00056,0.0011088625842042524,1,full__real_kodim02__rep1,50.5022,scalar_avx2,768
67.8755,1179648,3,coupled_lattice_xor,1,0.845801,5.103025732299617,512,images/datasets/real/kodak/kodim02.png,real_kodim02,768x512,15.1791,91.58104316872304,full,0.000668,0.004030287489818697,1,full__real_kodim02__rep1,16.5745,scalar_avx2,768
11.4261,1179648,3,hamiltonian_lattice_xor,1,1.026,1.0420559988299722,512,images/datasets/real/kodak/kodim02.png,real_kodim02,768x512,96.8307,98.34601540536588,full,0.000909,0.0009232250515949753,1,full__real_kodim02__rep1,98.4592,scalar_avx2,768
289.732,1179648,3,chaotic_seed_blake3_xor,1,0.598437,15.41211465657112,512,images/datasets/real/kodak/kodim02.png,real_kodim02,768x512,2.78003,71.59674470112544,full,0.000605,0.015581137809369287,1,full__real_kodim02__rep1,3.8829,scalar_avx2,768
324.952,1179648,3,aes_ctr,1,2.97094,85.81447408327436,512,images/datasets/real/kodak/kodim02.png,real_kodim02,768x512,0,0.0,full,0,0.0,1,full__real_kodim02__rep1,3.46205,openssl_evp,768
745.75,1179648,3,chacha20,1,0.646833,42.877796559610225,512,images/datasets/real/kodak/kodim02.png,real_kodim02,768x512,0,0.0,full,0,0.0,1,full__real_kodim02__rep1,1.50855,openssl_evp,768
143.424,1179648,3,logistic_xor,1,1.80131,22.96458631337122,512,images/datasets/real/kodak/kodim03.png,real_kodim03,768x512,4.46694,56.94823721994018,full,0.000537,0.00684611913012216,1,full__real_kodim03__rep1,7.84386,scalar_avx2,768
14.1378,1179648,3,logistic_permute_xor,1,1.30396,1.6386718308195372,512,images/datasets/real/kodak/kodim03.png,real_kodim03,768x512,3.97531,4.995727258332474,full,73.0339,91.78087872702459,1,full__real_kodim03__rep1,79.5742,scalar_avx2,768
90.2053,1179648,3,arnold_xor,1,0.77439,6.209277151906346,512,images/datasets/real/kodak/kodim03.png,real_kodim03,768x512,4.15461,33.312833259832416,full,7.12021,57.09184941667,1,full__real_kodim03__rep1,12.4715,scalar_avx2,768
79.7743,1179648,3,tiled_arnold_xor,1,1.8215,12.91633279677783,512,images/datasets/real/kodak/kodim03.png,real_kodim03,768x512,4.07951,28.927976287555932,full,6.51392,46.190479567162804,1,full__real_kodim03__rep1,14.1023,scalar_avx2,768
82.6442,1179648,3,tent_block_xor,1,1.74855,12.845084700938838,512,images/datasets/real/kodak/kodim03.png,real_kodim03,768x512,10.4957,77.1028312005054,full,0.000573,0.004209335468609964,1,full__real_kodim03__rep1,13.6126,scalar_avx2,768
23.9708,1179648,3,sine_xor,1,0.720734,1.5356919130149447,512,images/datasets/real/kodak/kodim03.png,real_kodim03,768x512,45.7149,97.40625838976224,full,0.000752,0.0016023114194518898,1,full__real_kodim03__rep1,46.9322,scalar_avx2,768
65.9365,1179648,3,coupled_lattice_xor,1,0.982722,5.759745397640356,512,images/datasets/real/kodak/kodim03.png,real_kodim03,768x512,15.6076,91.47633030319014,full,0.000572,0.003352498842450137,1,full__real_kodim03__rep1,17.0619,scalar_avx2,768
11.3301,1179648,3,hamiltonian_lattice_xor,1,0.733828,0.7390523611409051,512,images/datasets/real/kodak/kodim03.png,real_kodim03,768x512,98.0345,98.73243961564297,full,0.00086,0.000866122620806481,1,full__real_kodim03__rep1,99.2931,scalar_avx2,768
308.99,1179648,3,chaotic_seed_blake3_xor,1,0.54674,15.016616770578704,512,images/datasets/real/kodak/kodim03.png,real_kodim03,768x512,2.61939,71.94347551429593,full,0.000517,0.014199785767255349,1,full__real_kodim03__rep1,3.6409,scalar_avx2,768
313.926,1179648,3,aes_ctr,1,3.03403,84.66312279379963,512,images/datasets/real/kodak/kodim03.png,real_kodim03,768x512,0,0.0,full,0,0.0,1,full__real_kodim03__rep1,3.58365,openssl_evp,768
954.391,1179648,3,chacha20,1,0.708007,60.063711018358276,512,images/datasets/real/kodak/kodim03.png,real_kodim03,768x512,0,0.0,full,0,0.0,1,full__real_kodim03__rep1,1.17876,openssl_evp,768
146.126,1179648,3,logistic_xor,1,1.7089,22.19690809760457,768,images/datasets/real/kodak/kodim04.png,real_kodim04,512x768,4.44723,57.76508607812626,full,0.000726,0.00943001654799047,1,full__real_kodim04__rep1,7.69882,scalar_avx2,512
13.3317,1179648,3,logistic_permute_xor,1,2.61858,3.1031344433252355,768,images/datasets/real/kodak/kodim04.png,real_kodim04,512x768,4.29158,5.0857142857142845,full,75.8646,89.90294483616755,1,full__real_kodim04__rep1,84.385,scalar_avx2,512
116.743,1179648,3,arnold_xor,1,0.462036,4.794625456854846,768,images/datasets/real/kodak/kodim04.png,real_kodim04,512x768,3.97647,41.264499498782754,full,4.63211,48.06818629923188,1,full__real_kodim04__rep1,9.63654,scalar_avx2,512
85.4201,1179648,3,tiled_arnold_xor,1,1.85175,14.060150946834522,768,images/datasets/real/kodak/kodim04.png,real_kodim04,512x768,3.89544,29.577682950904315,full,5.88526,44.68618547933972,1,full__real_kodim04__rep1,13.1702,scalar_avx2,512
78.393,1179648,3,tent_block_xor,1,1.89317,13.192086852300918,768,images/datasets/real/kodak/kodim04.png,real_kodim04,512x768,10.982,76.52535050310783,full,0.000684,0.004766284806421942,1,full__real_kodim04__rep1,14.3508,scalar_avx2,512
23.075,1179648,3,sine_xor,1,1.06383,2.1820318701401527,768,images/datasets/real/kodak/kodim04.png,real_kodim04,512x768,47.1287,96.66612654115244,full,0.001157,0.0023731337467002775,1,full__real_kodim04__rep1,48.7541,scalar_avx2,512
66.3886,1179648,3,coupled_lattice_xor,1,0.996099,5.878181485568611,768,images/datasets/real/kodak/kodim04.png,real_kodim04,512x768,15.3946,90.84664546168055,full,0.000988,0.005830387649964298,1,full__real_kodim04__rep1,16.9457,scalar_avx2,512
10.7895,1179648,3,hamiltonian_lattice_xor,1,0.988142,0.9476944028848736,768,images/datasets/real/kodak/kodim04.png,real_kodim04,512x768,102.67,98.46741090267388,full,0.00074,0.0007097095945064641,1,full__real_kodim04__rep1,104.268,scalar_avx2,512
261.652,1179648,3,chaotic_seed_blake3_xor,1,1.04558,24.31801954130723,768,images/datasets/real/kodak/kodim04.png,real_kodim04,512x768,2.76255,64.2511762694756,full,0.000578,0.013443079721184012,1,full__real_kodim04__rep1,4.29961,scalar_avx2,512
295.692,1179648,3,aes_ctr,1,3.1077,81.68205581094614,768,images/datasets/real/kodak/kodim04.png,real_kodim04,512x768,0,0.0,full,0,0.0,1,full__real_kodim04__rep1,3.80463,openssl_evp,512
709.296,1179648,3,chacha20,1,0.791588,49.908453545848886,768,images/datasets/real/kodak/kodim04.png,real_kodim04,512x768,0,0.0,full,0,0.0,1,full__real_kodim04__rep1,1.58608,openssl_evp,512
127.447,1179648,3,logistic_xor,1,1.9977,22.631211064902875,512,images/datasets/real/kodak/kodim05.png,real_kodim05,768x512,4.87134,55.185625323574094,full,0.000603,0.0068311659769417,1,full__real_kodim05__rep1,8.82719,scalar_avx2,768
12.8758,1179648,3,logistic_permute_xor,1,1.52824,1.749090684350157,512,images/datasets/real/kodak/kodim05.png,real_kodim05,768x512,3.99211,4.569022150906339,full,80.3525,91.96448804784981,1,full__real_kodim05__rep1,87.3734,scalar_avx2,768
106.747,1179648,3,arnold_xor,1,0.571624,5.423943675336136,512,images/datasets/real/kodak/kodim05.png,real_kodim05,768x512,4.36152,41.384964275208986,full,5.06583,48.06791980187686,1,full__real_kodim05__rep1,10.5389,scalar_avx2,768
82.0297,1179648,3,tiled_arnold_xor,1,2.2498,16.40453534580189,512,images/datasets/real/kodak/kodim05.png,real_kodim05,768x512,3.81752,27.835648401327063,full,6.0975,44.46024280870612,1,full__real_kodim05__rep1,13.7145,scalar_avx2,768
71.9603,1179648,3,tent_block_xor,1,2.35612,15.070872991505478,512,images/datasets/real/kodak/kodim05.png,real_kodim05,768x512,11.5987,74.19084535871455,full,0.00074,0.004733394739535359,1,full__real_kodim05__rep1,15.6336,scalar_avx2,768
23.6428,1179648,3,sine_xor,1,0.90042,1.8923105052003757,512,images/datasets/real/kodak/kodim05.png,real_kodim05,768x512,46.1796,97.05042336459793,full,0.000891,0.0018725135604868114,1,full__real_kodim05__rep1,47.5831,scalar_avx2,768
69.2568,1179648,3,coupled_lattice_xor,1,0.911409,5.610776968585131,512,images/datasets/real/kodak/kodim05.png,real_kodim05,768x512,14.8203,91.2360947801944,full,0.000585,0.003601351892094879,1,full__real_kodim05__rep1,16.2439,scalar_avx2,768
11.1273,1179648,3,hamiltonian_lattice_xor,1,1.07513,1.0634112084825225,512,images/datasets/real/kodak/kodim05.png,real_kodim05,768x512,99.5333,98.44839864691103,full,0.000557,0.0005509287650095942,1,full__real_kodim05__rep1,101.102,scalar_avx2,768
290.631,1179648,3,chaotic_seed_blake3_xor,1,0.703558,18.175613360234983,512,images/datasets/real/kodak/kodim05.png,real_kodim05,768x512,2.6896,69.48272877813629,full,0.000757,0.019556226087540592,1,full__real_kodim05__rep1,3.87089,scalar_avx2,768
315.636,1179648,3,aes_ctr,1,3.02317,84.81948465872108,512,images/datasets/real/kodak/kodim05.png,real_kodim05,768x512,0,0.0,full,0,0.0,1,full__real_kodim05__rep1,3.56424,openssl_evp,768
789.852,1179648,3,chacha20,1,0.730272,51.27162435407774,512,images/datasets/real/kodak/kodim05.png,real_kodim05,768x512,0,0.0,full,0,0.0,1,full__real_kodim05__rep1,1.42432,openssl_evp,768
132.864,1179648,3,logistic_xor,1,1.98619,23.457099227265264,512,images/datasets/real/kodak/kodim06.png,real_kodim06,768x512,4.66079,55.044388254621,full,0.000537,0.0063420228100239395,1,full__real_kodim06__rep1,8.46733,scalar_avx2,768
13.4685,1179648,3,logistic_permute_xor,1,2.00632,2.401970115446179,512,images/datasets/real/kodak/kodim06.png,real_kodim06,768x512,4.03162,4.826663122949044,full,75.28,90.12535901091968,1,full__real_kodim06__rep1,83.5281,scalar_avx2,768
107.549,1179648,3,arnold_xor,1,0.842438,8.053669588826326,512,images/datasets/real/kodak/kodim06.png,real_kodim06,768x512,4.13565,39.53662896857642,full,4.93962,47.22254619848379,1,full__real_kodim06__rep1,10.4603,scalar_avx2,768
78.9616,1179648,3,tiled_arnold_xor,1,2.10285,14.759535073065964,512,images/datasets/real/kodak/kodim06.png,real_kodim06,768x512,4.26796,29.95606215870966,full,6.33539,44.46699046843634,1,full__real_kodim06__rep1,14.2474,scalar_avx2,768
76.8205,1179648,3,tent_block_xor,1,2.19357,14.978797500768204,512,images/datasets/real/kodak/kodim06.png,real_kodim06,768x512,10.8811,74.30161494076273,full,0.000545,0.0037215336815869435,1,full__real_kodim06__rep1,14.6445,scalar_avx2,768
22.6597,1179648,3,sine_xor,1,1.04844,2.111759457134973,512,images/datasets/real/kodak/kodim06.png,real_kodim06,768x512,48.0879,96.8582633233765,full,0.000722,0.0014542466216964733,1,full__real_kodim06__rep1,49.6477,scalar_avx2,768
65.6494,1179648,3,coupled_lattice_xor,1,0.984021,5.742251918419747,512,images/datasets/real/kodak/kodim06.png,real_kodim06,768x512,15.6693,91.43815831704256,full,0.000615,0.003588830858109882,1,full__real_kodim06__rep1,17.1365,scalar_avx2,768
10.5994,1179648,3,hamiltonian_lattice_xor,1,1.06426,1.0027134485292732,512,images/datasets/real/kodak/kodim06.png,real_kodim06,768x512,104.499,98.45578397934763,full,0.000885,0.0008338201209745803,1,full__real_kodim06__rep1,106.138,scalar_avx2,768
249.446,1179648,3,chaotic_seed_blake3_xor,1,1.10876,24.584478935698446,512,images/datasets/real/kodak/kodim06.png,real_kodim06,768x512,2.76109,61.22150776053215,full,0.001304,0.028913525498891358,1,full__real_kodim06__rep1,4.51,scalar_avx2,768
313.992,1179648,3,aes_ctr,1,3.02457,84.4168131960144,512,images/datasets/real/kodak/kodim06.png,real_kodim06,768x512,0,0.0,full,0,0.0,1,full__real_kodim06__rep1,3.5829,openssl_evp,768
767.958,1179648,3,chacha20,1,0.709398,48.425716080058976,512,images/datasets/real/kodak/kodim06.png,real_kodim06,768x512,0,0.0,full,0,0.0,1,full__real_kodim06__rep1,1.46492,openssl_evp,768
139.21,1179648,3,logistic_xor,1,1.82158,22.540568767060904,512,images/datasets/real/kodak/kodim07.png,real_kodim07,768x512,4.54938,56.294871890057834,full,0.000669,0.008278330078922555,1,full__real_kodim07__rep1,8.08134,scalar_avx2,768
14.4191,1179648,3,logistic_permute_xor,1,1.43432,1.8383650660394892,512,images/datasets/real/kodak/kodim07.png,real_kodim07,768x512,3.80845,4.881282723351897,full,71.2053,91.26369013669309,1,full__real_kodim07__rep1,78.0215,scalar_avx2,768
107.706,1179648,3,arnold_xor,1,0.710408,6.801351830044711,512,images/datasets/real/kodak/kodim07.png,real_kodim07,768x512,4.02918,38.57483413275124,full,5.15096,49.314606849144575,1,full__real_kodim07__rep1,10.4451,scalar_avx2,768
80.6583,1179648,3,tiled_arnold_xor,1,1.87915,13.472830645912948,512,images/datasets/real/kodak/kodim07.png,real_kodim07,768x512,4.13336,29.63470679753651,full,6.35788,45.58371631164995,1,full__real_kodim07__rep1,13.9477,scalar_avx2,768
81.7147,1179648,3,tent_block_xor,1,1.50084,10.901404767784767,512,images/datasets/real/kodak/kodim07.png,real_kodim07,768x512,10.7207,77.87018609178205,full,0.000529,0.003842410331653035,1,full__real_kodim07__rep1,13.7674,scalar_avx2,768
23.1522,1179648,3,sine_xor,1,0.826461,1.7008345080929792,512,images/datasets/real/kodak/kodim07.png,real_kodim07,768x512,47.3162,97.37546690264757,full,0.000554,0.0011401170986695204,1,full__real_kodim07__rep1,48.5915,scalar_avx2,768
65.7596,1179648,3,coupled_lattice_xor,1,0.80326,4.695285191550052,512,images/datasets/real/kodak/kodim07.png,real_kodim07,768x512,15.8583,92.69631396205239,full,0.000608,0.0035539344626427712,1,full__real_kodim07__rep1,17.1078,scalar_avx2,768
11.1594,1179648,3,hamiltonian_lattice_xor,1,0.885584,0.8784509780581677,512,images/datasets/real/kodak/kodim07.png,real_kodim07,768x512,99.5435,98.74171725588222,full,0.000573,0.0005683847161052256,1,full__real_kodim07__rep1,100.812,scalar_avx2,768
308.193,1179648,3,chaotic_seed_blake3_xor,1,0.485897,13.311116042199155,512,images/datasets/real/kodak/kodim07.png,real_kodim07,768x512,2.71367,74.34080941070759,full,0.00051,0.013971416126301602,1,full__real_kodim07__rep1,3.65031,scalar_avx2,768
342.63,1179648,3,aes_ctr,1,2.83575,86.3657405997405,512,images/datasets/real/kodak/kodim07.png,real_kodim07,768x512,0,0.0,full,0,0.0,1,full__real_kodim07__rep1,3.28342,openssl_evp,768
784.405,1179648,3,chacha20,1,0.74966,52.2698907412443,512,images/datasets/real/kodak/kodim07.png,real_kodim07,768x512,0,0.0,full,0,0.0,1,full__real_kodim07__rep1,1.43421,openssl_evp,768
133.345,1179648,3,logistic_xor,1,1.90375,22.56488850011497,512,images/datasets/real/kodak/kodim08.png,real_kodim08,768x512,4.72436,55.99719324197146,full,0.000616,0.007301363790450859,1,full__real_kodim08__rep1,8.43678,scalar_avx2,768
14.0597,1179648,3,logistic_permute_xor,1,1.97938,2.4737240708756474,512,images/datasets/real/kodak/kodim08.png,real_kodim08,768x512,4.22233,5.276843939102332,full,72.1905,90.21985547926545,1,full__real_kodim08__rep1,80.0162,scalar_avx2,768
119.342,1179648,3,arnold_xor,1,0.37197,3.945923754785614,512,images/datasets/real/kodak/kodim08.png,real_kodim08,768x512,3.94097,41.80650896550114,full,4.69843,49.84177903378598,1,full__real_kodim08__rep1,9.42669,scalar_avx2,768
90.0104,1179648,3,tiled_arnold_xor,1,1.68488,13.480549821580016,512,images/datasets/real/kodak/kodim08.png,real_kodim08,768x512,3.82022,30.56518330052966,full,5.71864,45.754244475381235,1,full__real_kodim08__rep1,12.4986,scalar_avx2,768
81.4704,1179648,3,tent_block_xor,1,1.7049,12.34656412261835,512,images/datasets/real/kodak/kodim08.png,real_kodim08,768x512,10.9007,78.94081267606656,full,0.000529,0.003830918189257497,1,full__real_kodim08__rep1,13.8087,scalar_avx2,768
23.0688,1179648,3,sine_xor,1,0.827348,1.6965290123874497,512,images/datasets/real/kodak/kodim08.png,real_kodim08,768x512,47.5101,97.42244258936866,full,0.000614,0.001259045545049839,1,full__real_kodim08__rep1,48.7671,scalar_avx2,768
72.0938,1179648,3,coupled_lattice_xor,1,0.585625,3.752875736156414,512,images/datasets/real/kodak/kodim08.png,real_kodim08,768x512,14.6053,93.59551929867284,full,0.000548,0.003511762481816376,1,full__real_kodim08__rep1,15.6047,scalar_avx2,768
11.0306,1179648,3,hamiltonian_lattice_xor,1,0.969208,0.9503064055927599,512,images/datasets/real/kodak/kodim08.png,real_kodim08,768x512,100.581,98.61945896126053,full,0.000551,0.0005402543411544381,1,full__real_kodim08__rep1,101.989,scalar_avx2,768
290.282,1179648,3,chaotic_seed_blake3_xor,1,0.584062,15.070428713343912,512,images/datasets/real/kodak/kodim08.png,real_kodim08,768x512,2.72519,70.31750332210912,full,0.000594,0.015326856833223672,1,full__real_kodim08__rep1,3.87555,scalar_avx2,768
335.785,1179648,3,aes_ctr,1,2.87143,85.70511825594863,512,images/datasets/real/kodak/kodim08.png,real_kodim08,768x512,0,0.0,full,0,0.0,1,full__real_kodim08__rep1,3.35036,openssl_evp,768
936.598,1179648,3,chacha20,1,0.661121,55.04021112924173,512,images/datasets/real/kodak/kodim08.png,real_kodim08,768x512,0,0.0,full,0,0.0,1,full__real_kodim08__rep1,1.20116,openssl_evp,768
128.43,1179648,3,logistic_xor,1,1.99832,22.812861745144197,768,images/datasets/real/kodak/kodim09.png,real_kodim09,512x768,4.81895,55.01323116756206,full,0.000654,0.007466077295590448,1,full__real_kodim09__rep1,8.75962,scalar_avx2,512
13.4851,1179648,3,logistic_permute_xor,1,1.9164,2.2971448709204525,768,images/datasets/real/kodak/kodim09.png,real_kodim09,512x768,4.13179,4.952682219902116,full,75.8793,90.95478230225125,1,full__real_kodim09__rep1,83.4253,scalar_avx2,512
119.524,1179648,3,arnold_xor,1,0.378353,4.019754917480668,768,images/datasets/real/kodak/kodim09.png,real_kodim09,512x768,3.88745,41.301631687763084,full,4.73731,50.3308422772658,1,full__real_kodim09__rep1,9.41234,scalar_avx2,512
78.7783,1179648,3,tiled_arnold_xor,1,2.08107,14.572707029116424,768,images/datasets/real/kodak/kodim09.png,real_kodim09,512x768,4.1376,28.973572538968952,full,6.30712,44.165651303166534,1,full__real_kodim09__rep1,14.2806,scalar_avx2,512
76.3489,1179648,3,tent_block_xor,1,1.9798,13.436036647438073,768,images/datasets/real/kodak/kodim09.png,real_kodim09,512x768,11.1568,75.71632168306753,full,0.000652,0.0044248388191381076,1,full__real_kodim09__rep1,14.735,scalar_avx2,512
23.6405,1179648,3,sine_xor,1,0.927723,1.9494934636745898,768,images/datasets/real/kodak/kodim09.png,real_kodim09,512x768,46.0921,96.85676400933852,full,0.000629,0.0013217645662027533,1,full__real_kodim09__rep1,47.5879,scalar_avx2,512
68.5981,1179648,3,coupled_lattice_xor,1,0.93079,5.675583387703584,768,images/datasets/real/kodak/kodim09.png,real_kodim09,512x768,14.8997,90.85238324623931,full,0.000615,0.0037500228659930854,1,full__real_kodim09__rep1,16.3999,scalar_avx2,512
11.0734,1179648,3,hamiltonian_lattice_xor,1,0.962902,0.9477848319307053,768,images/datasets/real/kodak/kodim09.png,real_kodim09,512x768,100.157,98.58457601259903,full,0.000561,0.0005521925291598996,1,full__real_kodim09__rep1,101.595,scalar_avx2,512
285.274,1179648,3,chaotic_seed_blake3_xor,1,0.670801,17.009993483062303,768,images/datasets/real/kodak/kodim09.png,real_kodim09,512x768,2.68693,68.13445685001153,full,0.00064,0.016228949910867565,1,full__real_kodim09__rep1,3.94357,scalar_avx2,512
319.884,1179648,3,aes_ctr,1,3.10014,88.14979100912736,768,images/datasets/real/kodak/kodim09.png,real_kodim09,512x768,0,0.0,full,0,0.0,1,full__real_kodim09__rep1,3.5169,openssl_evp,512
802.81,1179648,3,chacha20,1,0.746288,53.2556928061199,768,images/datasets/real/kodak/kodim09.png,real_kodim09,512x768,0,0.0,full,0,0.0,1,full__real_kodim09__rep1,1.40133,openssl_evp,512
129.568,1179648,3,logistic_xor,1,1.93805,22.320796156960213,768,images/datasets/real/kodak/kodim10.png,real_kodim10,512x768,4.89759,56.40623722317111,full,0.00064,0.007370970584068799,1,full__real_kodim10__rep1,8.68271,scalar_avx2,512
13.625,1179648,3,logistic_permute_xor,1,1.84452,2.2339134542019403,768,images/datasets/real/kodak/kodim10.png,real_kodim10,512x768,4.09515,4.959670094103114,full,74.8557,90.65835846383024,1,full__real_kodim10__rep1,82.569,scalar_avx2,512
108.865,1179648,3,arnold_xor,1,0.657744,6.364915472377321,768,images/datasets/real/kodak/kodim10.png,real_kodim10,512x768,4.41452,42.718818645429124,full,4.75463,46.01002525667947,1,full__real_kodim10__rep1,10.3339,scalar_avx2,512
77.7816,1179648,3,tiled_arnold_xor,1,2.41042,16.66542216322354,768,images/datasets/real/kodak/kodim10.png,real_kodim10,512x768,4.00814,27.711911280732323,full,6.37223,44.05701208551121,1,full__real_kodim10__rep1,14.4636,scalar_avx2,512
79.0748,1179648,3,tent_block_xor,1,1.81096,12.729036339354748,768,images/datasets/real/kodak/kodim10.png,real_kodim10,512x768,10.7457,75.53032965488156,full,0.000584,0.004104871019891755,1,full__real_kodim10__rep1,14.227,scalar_avx2,512
23.0654,1179648,3,sine_xor,1,0.960658,1.9695987436006257,768,images/datasets/real/kodak/kodim10.png,real_kodim10,512x768,47.0688,96.50328144125083,full,0.00088,0.0018042288664317071,1,full__real_kodim10__rep1,48.7743,scalar_avx2,512
71.9448,1179648,3,coupled_lattice_xor,1,0.53903,3.447144592952612,768,images/datasets/real/kodak/kodim10.png,real_kodim10,512x768,14.5488,93.04086461597494,full,0.00066,0.004220758457504636,1,full__real_kodim10__rep1,15.637,scalar_avx2,512
11.5718,1179648,3,hamiltonian_lattice_xor,1,0.990704,1.0190456989800327,768,images/datasets/real/kodak/kodim10.png,real_kodim10,512x768,95.7587,98.49812999131856,full,0.000577,0.0005935066057182356,1,full__real_kodim10__rep1,97.2188,scalar_avx2,512
253.275,1179648,3,chaotic_seed_blake3_xor,1,0.881743,19.851028862172996,768,images/datasets/real/kodak/kodim10.png,real_kodim10,512x768,2.92149,65.77265973254086,full,0.000896,0.02017200234139313,1,full__real_kodim10__rep1,4.4418,scalar_avx2,512
306.984,1179648,3,aes_ctr,1,3.08679,84.23058976339064,768,images/datasets/real/kodak/kodim10.png,real_kodim10,512x768,0,0.0,full,0,0.0,1,full__real_kodim10__rep1,3.66469,openssl_evp,512
708.212,1179648,3,chacha20,1,0.682691,42.97681475093012,768,images/datasets/real/kodak/kodim10.png,real_kodim10,512x768,0,0.0,full,0,0.0,1,full__real_kodim10__rep1,1.58851,openssl_evp,512
140.605,1179648,3,logistic_xor,1,1.81089,22.632843237730526,512,images/datasets/real/kodak/kodim11.png,real_kodim11,768x512,4.53866,56.72502487139364,full,0.000617,0.007711381849631804,1,full__real_kodim11__rep1,8.00116,scalar_avx2,768
14.1546,1179648,3,logistic_permute_xor,1,1.86824,2.3505905917996563,512,images/datasets/real/kodak/kodim11.png,real_kodim11,768x512,3.67283,4.621097740803929,full,72.5143,91.23636757104967,1,full__real_kodim11__rep1,79.4796,scalar_avx2,768
124.244,1179648,3,arnold_xor,1,0.359171,3.9666627644747394,512,images/datasets/real/kodak/kodim11.png,real_kodim11,768x512,3.75197,41.436529375774455,full,4.54067,50.14688439425097,1,full__real_kodim11__rep1,9.05474,scalar_avx2,768
83.3265,1179648,3,tiled_arnold_xor,1,1.75296,12.983830947108016,512,images/datasets/real/kodak/kodim11.png,real_kodim11,768x512,4.20843,31.17101569501744,full,6.18936,45.84337572494093,1,full__real_kodim11__rep1,13.5011,scalar_avx2,768
79.6983,1179648,3,tent_block_xor,1,1.79821,12.739077764475017,512,images/datasets/real/kodak/kodim11.png,real_kodim11,768x512,10.8816,77.08863180713674,full,0.00055,0.00389637070779345,1,full__real_kodim11__rep1,14.1157,scalar_avx2,768
23.3046,1179648,3,sine_xor,1,0.712568,1.4760998224706208,512,images/datasets/real/kodak/kodim11.png,real_kodim11,768x512,47.0962,97.56078361509476,full,0.000831,0.0017214342385191111,1,full__real_kodim11__rep1,48.2737,scalar_avx2,768
69.0983,1179648,3,coupled_lattice_xor,1,0.560273,3.4412266909073046,512,images/datasets/real/kodak/kodim11.png,real_kodim11,768x512,15.3099,94.03422352160776,full,0.000623,0.0038264992752376973,1,full__real_kodim11__rep1,16.2812,scalar_avx2,768
11.3257,1179648,3,hamiltonian_lattice_xor,1,0.740632,0.7456149446752648,512,images/datasets/real/kodak/kodim11.png,real_kodim11,768x512,97.9618,98.6208833635184,full,0.001181,0.001188945724275332,1,full__real_kodim11__rep1,99.3317,scalar_avx2,768
310.717,1179648,3,chaotic_seed_blake3_xor,1,0.60226,16.63398385929637,512,images/datasets/real/kodak/kodim11.png,real_kodim11,768x512,2.61897,72.33404959316809,full,0.000558,0.015411554799401215,1,full__real_kodim11__rep1,3.62066,scalar_avx2,768
352.905,1179648,3,aes_ctr,1,2.86827,89.97590830097057,512,images/datasets/real/kodak/kodim11.png,real_kodim11,768x512,0,0.0,full,0,0.0,1,full__real_kodim11__rep1,3.18782,openssl_evp,768
963.399,1179648,3,chacha20,1,0.676355,57.919999314916,512,images/datasets/real/kodak/kodim11.png,real_kodim11,768x512,0,0.0,full,0,0.0,1,full__real_kodim11__rep1,1.16774,openssl_evp,768
128.101,1179648,3,logistic_xor,1,2.05001,23.34294374719601,512,images/datasets/real/kodak/kodim12.png,real_kodim12,768x512,4.71903,53.734397310906,full,0.000642,0.007310291113555465,1,full__real_kodim12__rep1,8.78214,scalar_avx2,768
13.5158,1179648,3,logistic_permute_xor,1,1.68338,2.0224254736849696,512,images/datasets/real/kodak/kodim12.png,real_kodim12,768x512,3.98629,4.7891589786593975,full,75.9132,91.20269307520692,1,full__real_kodim12__rep1,83.2357,scalar_avx2,768
116.784,1179648,3,arnold_xor,1,0.421346,4.373903529260327,512,images/datasets/real/kodak/kodim12.png,real_kodim12,768x512,3.97545,41.26830392456074,full,4.73621,49.165592255101636,1,full__real_kodim12__rep1,9.63318,scalar_avx2,768
76.7419,1179648,3,tiled_arnold_xor,1,2.11952,14.458337596780245,512,images/datasets/real/kodak/kodim12.png,real_kodim12,768x512,4.49686,30.67539820594154,full,6.46588,44.10709778641837,1,full__real_kodim12__rep1,14.6595,scalar_avx2,768
77.2227,1179648,3,tent_block_xor,1,1.94846,13.374747738224352,512,images/datasets/real/kodak/kodim12.png,real_kodim12,768x512,10.967,75.28040526626489,full,0.000754,0.005175656567043286,1,full__real_kodim12__rep1,14.5682,scalar_avx2,768
23.5004,1179648,3,sine_xor,1,0.983038,2.0534932057696125,512,images/datasets/real/kodak/kodim12.png,real_kodim12,768x512,46.3452,96.81167291603563,full,0.000534,0.0011154862496474938,1,full__real_kodim12__rep1,47.8715,scalar_avx2,768
70.3356,1179648,3,coupled_lattice_xor,1,0.619659,3.874152062870826,512,images/datasets/real/kodak/kodim12.png,real_kodim12,768x512,14.8212,92.66319468323881,full,0.000562,0.0035136639011672617,1,full__real_kodim12__rep1,15.9947,scalar_avx2,768
11.1546,1179648,3,hamiltonian_lattice_xor,1,0.906392,0.8987080462049477,512,images/datasets/real/kodak/kodim12.png,real_kodim12,768x512,99.4444,98.6013583858014,full,0.000746,0.0007396757721481334,1,full__real_kodim12__rep1,100.855,scalar_avx2,768
303.751,1179648,3,chaotic_seed_blake3_xor,1,0.583025,15.741690741690743,512,images/datasets/real/kodak/kodim12.png,real_kodim12,768x512,2.77345,74.88322488322487,full,0.000777,0.02097902097902098,1,full__real_kodim12__rep1,3.7037,scalar_avx2,768
265.864,1179648,3,aes_ctr,1,3.70957,87.66601756359476,512,images/datasets/real/kodak/kodim12.png,real_kodim12,768x512,0,0.0,full,0,0.0,1,full__real_kodim12__rep1,4.23148,openssl_evp,768
881.733,1179648,3,chacha20,1,0.678721,53.19546986440944,512,images/datasets/real/kodak/kodim12.png,real_kodim12,768x512,0,0.0,full,0,0.0,1,full__real_kodim12__rep1,1.2759,openssl_evp,768
130.587,1179648,3,logistic_xor,1,1.87857,21.805879765106553,512,images/datasets/real/kodak/kodim13.png,real_kodim13,768x512,5.00517,58.09851920552248,full,0.000564,0.006546743633465933,1,full__real_kodim13__rep1,8.61497,scalar_avx2,768
13.6196,1179648,3,logistic_permute_xor,1,1.41843,1.7171984978462838,512,images/datasets/real/kodak/kodim13.png,real_kodim13,768x512,3.78676,4.584377504497502,full,75.9542,91.95267876815647,1,full__real_kodim13__rep1,82.6014,scalar_avx2,768
116,1179648,3,arnold_xor,1,0.39109,4.03258319799964,512,images/datasets/real/kodak/kodim13.png,real_kodim13,768x512,4.00236,41.26888871703658,full,4.87684,50.28577320650633,1,full__real_kodim13__rep1,9.69825,scalar_avx2,768
81.4145,1179648,3,tiled_arnold_xor,1,2.03214,14.706256965451361,512,images/datasets/real/kodak/kodim13.png,real_kodim13,768x512,3.94787,28.5700742499023,full,6.51879,47.17539187448438,1,full__real_kodim13__rep1,13.8182,scalar_avx2,768
78.176,1179648,3,tent_block_xor,1,2.01893,14.029505371561992,512,images/datasets/real/kodak/kodim13.png,real_kodim13,768x512,10.7349,74.59661167706697,full,0.00048,0.0033355106805831587,1,full__real_kodim13__rep1,14.3906,scalar_avx2,768
23.387,1179648,3,sine_xor,1,0.824353,1.7137033402905395,512,images/datasets/real/kodak/kodim13.png,real_kodim13,768x512,46.6191,96.9139523861,full,0.000821,0.0017067329680107103,1,full__real_kodim13__rep1,48.1036,scalar_avx2,768
68.3949,1179648,3,coupled_lattice_xor,1,0.674399,4.1000389090864875,512,images/datasets/real/kodak/kodim13.png,real_kodim13,768x512,15.1945,92.37564291185876,full,0.001188,0.0072224991792614575,1,full__real_kodim13__rep1,16.4486,scalar_avx2,768
11.3868,1179648,3,hamiltonian_lattice_xor,1,0.905269,0.9162799359908015,512,images/datasets/real/kodak/kodim13.png,real_kodim13,768x512,97.4085,98.59329563362932,full,0.00065,0.0006579060570880269,1,full__real_kodim13__rep1,98.7983,scalar_avx2,768
271.331,1179648,3,chaotic_seed_blake3_xor,1,0.749039,18.065587450738267,512,images/datasets/real/kodak/kodim13.png,real_kodim13,768x512,2.8548,68.85307581363267,full,0.000854,0.020597073961343106,1,full__real_kodim13__rep1,4.14622,scalar_avx2,768
335.063,1179648,3,aes_ctr,1,3.01282,89.7318902304636,512,images/datasets/real/kodak/kodim13.png,real_kodim13,768x512,0,0.0,full,0,0.0,1,full__real_kodim13__rep1,3.35758,openssl_evp,768
800.859,1179648,3,chacha20,1,0.702138,49.9834844882327,512,images/datasets/real/kodak/kodim13.png,real_kodim13,768x512,0,0.0,full,0,0.0,1,full__real_kodim13__rep1,1.40474,openssl_evp,768
129.564,1179648,3,logistic_xor,1,2.0496,23.60488082967194,512,images/datasets/real/kodak/kodim14.png,real_kodim14,768x512,4.87573,56.15292037844281,full,0.000706,0.008130877178838989,1,full__real_kodim14__rep1,8.68295,scalar_avx2,768
11.2779,1179648,3,logistic_permute_xor,1,1.95032,1.9551492185698678,512,images/datasets/real/kodak/kodim14.png,real_kodim14,768x512,5.2712,5.284252102693653,full,90.7765,91.00127314466732,1,full__real_kodim14__rep1,99.753,scalar_avx2,768
116.194,1179648,3,arnold_xor,1,0.505279,5.218692225860092,512,images/datasets/real/kodak/kodim14.png,real_kodim14,768x512,3.84747,39.73797006847688,full,4.84055,49.994835831069715,1,full__real_kodim14__rep1,9.6821,scalar_avx2,768
78.8522,1179648,3,tiled_arnold_xor,1,2.07949,14.575319614220028,512,images/datasets/real/kodak/kodim14.png,real_kodim14,768x512,4.15714,29.13774251429853,full,6.42868,45.059156667040476,1,full__real_kodim14__rep1,14.2672,scalar_avx2,768
83.3038,1179648,3,tent_block_xor,1,1.66701,12.343833303714238,512,images/datasets/real/kodak/kodim14.png,real_kodim14,768x512,10.5407,78.05150761210828,full,0.000517,0.003828268467507849,1,full__real_kodim14__rep1,13.5048,scalar_avx2,768
22.9475,1179648,3,sine_xor,1,0.933077,1.903271602797762,512,images/datasets/real/kodak/kodim14.png,real_kodim14,768x512,47.5787,97.05007047439157,full,0.000697,0.0014217265104059364,1,full__real_kodim14__rep1,49.0249,scalar_avx2,768
70.6644,1179648,3,coupled_lattice_xor,1,0.568311,3.56972544487227,512,images/datasets/real/kodak/kodim14.png,real_kodim14,768x512,14.8276,93.13643587118334,full,0.000868,0.005452158564851165,1,full__real_kodim14__rep1,15.9203,scalar_avx2,768
11.4457,1179648,3,hamiltonian_lattice_xor,1,1.02629,1.0441470020286947,512,images/datasets/real/kodak/kodim14.png,real_kodim14,768x512,96.7599,98.44348040183213,full,0.000535,0.0005443087685599116,1,full__real_kodim14__rep1,98.2898,scalar_avx2,768
282.152,1179648,3,chaotic_seed_blake3_xor,1,0.817668,20.50727200222712,512,images/datasets/real/kodak/kodim14.png,real_kodim14,768x512,2.63691,66.1342141497438,full,0.000768,0.019261588930605613,1,full__real_kodim14__rep1,3.98721,scalar_avx2,768
355.097,1179648,3,aes_ctr,1,2.77796,87.68397960955134,512,images/datasets/real/kodak/kodim14.png,real_kodim14,768x512,0,0.0,full,0,0.0,1,full__real_kodim14__rep1,3.16815,openssl_evp,768
943.163,1179648,3,chacha20,1,0.6905,57.889000670690805,512,images/datasets/real/kodak/kodim14.png,real_kodim14,768x512,0,0.0,full,0,0.0,1,full__real_kodim14__rep1,1.1928,openssl_evp,768
124.634,1179648,3,logistic_xor,1,2.09638,23.224907300006755,512,images/datasets/real/kodak/kodim15.png,real_kodim15,768x512,5.09302,56.42341435096711,full,0.000622,0.006890874908463259,1,full__real_kodim15__rep1,9.02643,scalar_avx2,768
14.0846,1179648,3,logistic_permute_xor,1,1.32139,1.6543285921574666,512,images/datasets/real/kodak/kodim15.png,real_kodim15,768x512,3.90586,4.889983937341862,full,73.1961,91.63865404189312,1,full__real_kodim15__rep1,79.8747,scalar_avx2,768
111.781,1179648,3,arnold_xor,1,0.64655,6.42419244259412,512,images/datasets/real/kodak/kodim15.png,real_kodim15,768x512,3.89298,38.68108065141143,full,5.02297,49.90878650278708,1,full__real_kodim15__rep1,10.0643,scalar_avx2,768
83.1521,1179648,3,tiled_arnold_xor,1,1.97273,14.581060505270003,512,images/datasets/real/kodak/kodim15.png,real_kodim15,768x512,3.9734,29.36863423359498,full,5.97394,44.15524709151921,1,full__real_kodim15__rep1,13.5294,scalar_avx2,768
77.2099,1179648,3,tent_block_xor,1,1.88766,12.955177170623235,512,images/datasets/real/kodak/kodim15.png,real_kodim15,768x512,11.2558,77.24954875194742,full,0.000561,0.003850192509625481,1,full__real_kodim15__rep1,14.5707,scalar_avx2,768
22.9788,1179648,3,sine_xor,1,1.00854,2.0600022059634546,512,images/datasets/real/kodak/kodim15.png,real_kodim15,768x512,47.3521,96.71944638487527,full,0.000574,0.0011724287249122722,1,full__real_kodim15__rep1,48.9582,scalar_avx2,768
72.0273,1179648,3,coupled_lattice_xor,1,0.469302,3.0046673623960407,512,images/datasets/real/kodak/kodim15.png,real_kodim15,768x512,14.7274,94.29096426810764,full,0.000557,0.0035661465769474556,1,full__real_kodim15__rep1,15.6191,scalar_avx2,768
11.8045,1179648,3,hamiltonian_lattice_xor,1,0.884359,0.9279494242018835,512,images/datasets/real/kodak/kodim15.png,real_kodim15,768x512,93.9966,98.62973164397576,full,0.000546,0.000572912567875974,1,full__real_kodim15__rep1,95.3025,scalar_avx2,768
327.04,1179648,3,chaotic_seed_blake3_xor,1,0.497473,14.461634616782222,512,images/datasets/real/kodak/kodim15.png,real_kodim15,768x512,2.57387,74.82288986758529,full,0.000521,0.01514556897629326,1,full__real_kodim15__rep1,3.43995,scalar_avx2,768
367.512,1179648,3,aes_ctr,1,2.736,89.37905080493415,512,images/datasets/real/kodak/kodim15.png,real_kodim15,768x512,0,0.0,full,0,0.0,1,full__real_kodim15__rep1,3.06112,openssl_evp,768
941.272,1179648,3,chacha20,1,0.660062,55.22653301985459,512,images/datasets/real/kodak/kodim15.png,real_kodim15,768x512,0,0.0,full,0,0.0,1,full__real_kodim15__rep1,1.19519,openssl_evp,768
131.392,1179648,3,logistic_xor,1,2.13488,24.933924306395003,512,images/datasets/real/kodak/kodim16.png,real_kodim16,768x512,4.70605,54.963414562931035,full,0.000631,0.007369644306628592,1,full__real_kodim16__rep1,8.56215,scalar_avx2,768
13.9139,1179648,3,logistic_permute_xor,1,1.84098,2.2769019944443483,512,images/datasets/real/kodak/kodim16.png,real_kodim16,768x512,4.12424,5.100810590863105,full,73.1116,90.42355042261046,1,full__real_kodim16__rep1,80.8546,scalar_avx2,768
119.47,1179648,3,arnold_xor,1,0.29946,3.1801320860311435,512,images/datasets/real/kodak/kodim16.png,real_kodim16,768x512,3.75644,39.891723012258154,full,4.92379,52.28846110959488,1,full__real_kodim16__rep1,9.41659,scalar_avx2,768
88.1559,1179648,3,tiled_arnold_xor,1,1.69415,13.275477020726402,512,images/datasets/real/kodak/kodim16.png,real_kodim16,768x512,3.69567,28.959526701406574,full,5.98781,46.920894879128625,1,full__real_kodim16__rep1,12.7615,scalar_avx2,768
73.5052,1179648,3,tent_block_xor,1,2.02079,13.203462920614177,512,images/datasets/real/kodak/kodim16.png,real_kodim16,768x512,11.7324,76.65730153544594,full,0.000572,0.0037373407383208103,1,full__real_kodim16__rep1,15.305,scalar_avx2,768
23.424,1179648,3,sine_xor,1,0.862175,1.7951656963912417,512,images/datasets/real/kodak/kodim16.png,real_kodim16,768x512,46.6731,97.17974664567872,full,0.000504,0.0010493965969567498,1,full__real_kodim16__rep1,48.0276,scalar_avx2,768
68.8655,1179648,3,coupled_lattice_xor,1,0.768682,4.705390482486747,512,images/datasets/real/kodak/kodim16.png,real_kodim16,768x512,15.0355,92.03792803712001,full,0.0006,0.0036728247695302454,1,full__real_kodim16__rep1,16.3362,scalar_avx2,768
10.3822,1179648,3,hamiltonian_lattice_xor,1,0.918131,0.8473047924030308,512,images/datasets/real/kodak/kodim16.png,real_kodim16,768x512,107.04,98.78274993309277,full,0.00054,0.0004983434693934053,1,full__real_kodim16__rep1,108.359,scalar_avx2,768
311.346,1179648,3,chaotic_seed_blake3_xor,1,0.502382,13.903496755088767,512,images/datasets/real/kodak/kodim16.png,real_kodim16,768x512,2.72173,75.32428355957768,full,0.000712,0.019704706159104433,1,full__real_kodim16__rep1,3.61335,scalar_avx2,768
359.2,1179648,3,aes_ctr,1,2.77797,88.69749294371574,512,images/datasets/real/kodak/kodim16.png,real_kodim16,768x512,0,0.0,full,0,0.0,1,full__real_kodim16__rep1,3.13196,openssl_evp,768
855.169,1179648,3,chacha20,1,0.750863,57.07684355354875,512,images/datasets/real/kodak/kodim16.png,real_kodim16,768x512,0,0.0,full,0,0.0,1,full__real_kodim16__rep1,1.31553,openssl_evp,768
129.696,1179648,3,logistic_xor,1,1.91787,22.110203432271096,768,images/datasets/real/kodak/kodim17.png,real_kodim17,512x768,4.9197,56.71686184451715,full,0.000758,0.008738618468228551,1,full__real_kodim17__rep1,8.67414,scalar_avx2,512
12.8971,1179648,3,logistic_permute_xor,1,1.61595,1.852546068605939,768,images/datasets/real/kodak/kodim17.png,real_kodim17,512x768,3.95169,4.5302687421327414,full,80.2482,91.99757877576849,1,full__real_kodim17__rep1,87.2286,scalar_avx2,512
121.64,1179648,3,arnold_xor,1,0.398648,4.310369808121895,768,images/datasets/real/kodak/kodim17.png,real_kodim17,512x768,3.68106,39.801353288829205,full,4.72035,51.0386459326729,1,full__real_kodim17__rep1,9.24858,scalar_avx2,512
76.107,1179648,3,tiled_arnold_xor,1,2.26917,15.351107442936584,768,images/datasets/real/kodak/kodim17.png,real_kodim17,512x768,3.94686,26.700807750071032,full,7.06079,47.76678077094805,1,full__real_kodim17__rep1,14.7818,scalar_avx2,512
80.7759,1179648,3,tent_block_xor,1,1.81527,13.033803868633052,768,images/datasets/real/kodak/kodim17.png,real_kodim17,512x768,10.6201,76.25328489165243,full,0.000551,0.003956230164998492,1,full__real_kodim17__rep1,13.9274,scalar_avx2,512
23.707,1179648,3,sine_xor,1,0.826358,1.7413801096636337,768,images/datasets/real/kodak/kodim17.png,real_kodim17,512x768,46.094,97.13365729482324,full,0.000554,0.0011674414488074818,1,full__real_kodim17__rep1,47.4542,scalar_avx2,512
69.8061,1179648,3,coupled_lattice_xor,1,0.697027,4.325035213233971,768,images/datasets/real/kodak/kodim17.png,real_kodim17,512x768,14.9844,92.97782962379236,full,0.000592,0.0036733452882521203,1,full__real_kodim17__rep1,16.1161,scalar_avx2,512
10.9501,1179648,3,hamiltonian_lattice_xor,1,0.888305,0.8646229766690351,768,images/datasets/real/kodak/kodim17.png,real_kodim17,512x768,101.396,98.6928040958156,full,0.000801,0.0007796455094949337,1,full__real_kodim17__rep1,102.739,scalar_avx2,512
304.81,1179648,3,chaotic_seed_blake3_xor,1,0.651881,17.66222682222379,768,images/datasets/real/kodak/kodim17.png,real_kodim17,512x768,2.51731,68.20462661413995,full,0.000554,0.015010214532271962,1,full__real_kodim17__rep1,3.69082,scalar_avx2,512
304.527,1179648,3,aes_ctr,1,3.21302,86.97330453189544,768,images/datasets/real/kodak/kodim17.png,real_kodim17,512x768,0,0.0,full,0,0.0,1,full__real_kodim17__rep1,3.69426,openssl_evp,512
923.352,1179648,3,chacha20,1,0.718922,59.00590123031212,768,images/datasets/real/kodak/kodim17.png,real_kodim17,512x768,0,0.0,full,0,0.0,1,full__real_kodim17__rep1,1.21839,openssl_evp,512
136.825,1179648,3,logistic_xor,1,1.83758,22.349087892855536,768,images/datasets/real/kodak/kodim18.png,real_kodim18,512x768,4.55922,55.45032515747059,full,0.000638,0.007759508742825798,1,full__real_kodim18__rep1,8.22217,scalar_avx2,512
13.53,1179648,3,logistic_permute_xor,1,1.58605,1.9074908146268423,768,images/datasets/real/kodak/kodim18.png,real_kodim18,512x768,5.02148,6.03917088101409,full,74.9696,90.16350264887521,1,full__real_kodim18__rep1,83.1485,scalar_avx2,512
114.015,1179648,3,arnold_xor,1,0.36364,3.6853824177138352,768,images/datasets/real/kodak/kodim18.png,real_kodim18,512x768,4.05026,41.04817124400406,full,4.87042,49.360247043454564,1,full__real_kodim18__rep1,9.86709,scalar_avx2,512
72.1892,1179648,3,tiled_arnold_xor,1,2.01991,12.96143480492813,768,images/datasets/real/kodak/kodim18.png,real_kodim18,512x768,4.12454,26.466504106776178,full,6.11559,39.24274897330595,1,full__real_kodim18__rep1,15.584,scalar_avx2,512
74.1061,1179648,3,tent_block_xor,1,2.35651,15.522860963447492,768,images/datasets/real/kodak/kodim18.png,real_kodim18,512x768,11.1219,73.26245479517026,full,0.000613,0.004037968763380301,1,full__real_kodim18__rep1,15.1809,scalar_avx2,512
22.7811,1179648,3,sine_xor,1,1.06346,2.1534897566171423,768,images/datasets/real/kodak/kodim18.png,real_kodim18,512x768,47.7847,96.76326516561335,full,0.000586,0.0011866407738679832,1,full__real_kodim18__rep1,49.3831,scalar_avx2,512
68.0009,1179648,3,coupled_lattice_xor,1,1.02294,6.183185343238293,768,images/datasets/real/kodak/kodim18.png,real_kodim18,512x768,14.9925,90.62252552300244,full,0.000615,0.0037173822375618807,1,full__real_kodim18__rep1,16.5439,scalar_avx2,512
11.0515,1179648,3,hamiltonian_lattice_xor,1,1.1042,1.084718456520885,768,images/datasets/real/kodak/kodim18.png,real_kodim18,512x768,100.079,98.313293253173,full,0.000773,0.0007593618609768557,1,full__real_kodim18__rep1,101.796,scalar_avx2,512
281.881,1179648,3,chaotic_seed_blake3_xor,1,0.816083,20.447827012941456,768,images/datasets/real/kodak/kodim18.png,real_kodim18,512x768,2.7412,68.6836797334035,full,0.000597,0.014958469575675573,1,full__real_kodim18__rep1,3.99105,scalar_avx2,512
246.547,1179648,3,aes_ctr,1,3.99023,87.44712931348099,768,images/datasets/real/kodak/kodim18.png,real_kodim18,512x768,0,0.0,full,0,0.0,1,full__real_kodim18__rep1,4.56302,openssl_evp,512
662.389,1179648,3,chacha20,1,0.71094,41.85939707960434,768,images/datasets/real/kodak/kodim18.png,real_kodim18,512x768,0,0.0,full,0,0.0,1,full__real_kodim18__rep1,1.6984,openssl_evp,512
137.564,1179648,3,logistic_xor,1,1.89027,23.11397351932737,768,images/datasets/real/kodak/kodim19.png,real_kodim19,512x768,4.62923,56.60561699380292,full,0.000503,0.0061506179964881565,1,full__real_kodim19__rep1,8.17804,scalar_avx2,512
13.6524,1179648,3,logistic_permute_xor,1,1.97841,2.40090142567971,768,images/datasets/real/kodak/kodim19.png,real_kodim19,512x768,4.03638,4.898352968588447,full,74.6804,90.6284737897256,1,full__real_kodim19__rep1,82.4028,scalar_avx2,512
115.322,1179648,3,arnold_xor,1,0.534925,5.483418278436792,768,images/datasets/real/kodak/kodim19.png,real_kodim19,512x768,3.94555,40.44511097534474,full,4.79772,49.18054968981028,1,full__real_kodim19__rep1,9.75532,scalar_avx2,512
81.4061,1179648,3,tiled_arnold_xor,1,2.03622,14.734290428087645,768,images/datasets/real/kodak/kodim19.png,real_kodim19,512x768,4.09168,29.607803409650064,full,6.12486,44.320096095400736,1,full__real_kodim19__rep1,13.8196,scalar_avx2,512
76.835,1179648,3,tent_block_xor,1,2.08819,14.261839391331666,768,images/datasets/real/kodak/kodim19.png,real_kodim19,512x768,10.9513,74.79476567088746,full,0.000787,0.005375022196724447,1,full__real_kodim19__rep1,14.6418,scalar_avx2,512
22.9241,1179648,3,sine_xor,1,0.753453,1.535309220580744,768,images/datasets/real/kodak/kodim19.png,real_kodim19,512x768,47.8159,97.43433520122261,full,0.0197,0.040142638818135505,1,full__real_kodim19__rep1,49.075,scalar_avx2,512
68.9276,1179648,3,coupled_lattice_xor,1,0.652436,3.997402199552737,768,images/datasets/real/kodak/kodim19.png,real_kodim19,512x768,15.1881,93.05578531384982,full,0.000811,0.004968906044174861,1,full__real_kodim19__rep1,16.3215,scalar_avx2,512
10.7643,1179648,3,hamiltonian_lattice_xor,1,0.774837,0.7413856781996325,768,images/datasets/real/kodak/kodim19.png,real_kodim19,512x768,103.254,98.79631047152479,full,0.000657,0.0006286359461114514,1,full__real_kodim19__rep1,104.512,scalar_avx2,512
315.86,1179648,3,chaotic_seed_blake3_xor,1,0.570717,16.02367963702828,768,images/datasets/real/kodak/kodim19.png,real_kodim19,512x768,2.57899,72.4087587142131,full,0.000977,0.027430644269185303,1,full__real_kodim19__rep1,3.56171,scalar_avx2,512
362.183,1179648,3,aes_ctr,1,2.79047,89.8366471785098,768,images/datasets/real/kodak/kodim19.png,real_kodim19,512x768,0,0.0,full,0,0.0,1,full__real_kodim19__rep1,3.10616,openssl_evp,512
1009.79,1179648,3,chacha20,1,0.606162,54.40822188313437,768,images/datasets/real/kodak/kodim19.png,real_kodim19,512x768,0,0.0,full,0,0.0,1,full__real_kodim19__rep1,1.1141,openssl_evp,512
132.066,1179648,3,logistic_xor,1,1.94134,22.78982678773721,512,images/datasets/real/kodak/kodim20.png,real_kodim20,768x512,4.71352,55.33307115731148,full,0.00058,0.0068087504182098866,1,full__real_kodim20__rep1,8.51845,scalar_avx2,768
13.2555,1179648,3,logistic_permute_xor,1,2.02214,2.3826210315964103,512,images/datasets/real/kodak/kodim20.png,real_kodim20,768x512,4.27336,5.0351594902345225,full,76.8457,90.54476001055727,1,full__real_kodim20__rep1,84.8704,scalar_avx2,768
121.001,1179648,3,arnold_xor,1,0.355416,3.8227296976371994,512,images/datasets/real/kodak/kodim20.png,real_kodim20,768x512,3.70882,39.89076563010894,full,4.76859,51.28927962966149,1,full__real_kodim20__rep1,9.29744,scalar_avx2,768
81.4256,1179648,3,tiled_arnold_xor,1,2.23686,16.19000745496262,512,images/datasets/real/kodak/kodim20.png,real_kodim20,768x512,3.87759,28.065328633570495,full,6.0912,44.087056592575436,1,full__real_kodim20__rep1,13.8163,scalar_avx2,768
77.018,1179648,3,tent_block_xor,1,2.17514,14.89107961936058,512,images/datasets/real/kodak/kodim20.png,real_kodim20,768x512,10.9579,75.0181419867187,full,0.000798,0.005463134113781064,1,full__real_kodim20__rep1,14.607,scalar_avx2,768
23.2057,1179648,3,sine_xor,1,1.06941,2.2059060136882884,512,images/datasets/real/kodak/kodim20.png,real_kodim20,768x512,46.8534,96.64599809403582,full,0.000733,0.0015119824090232142,1,full__real_kodim20__rep1,48.4794,scalar_avx2,768
67.8141,1179648,3,coupled_lattice_xor,1,0.84718,5.106724132734561,512,images/datasets/real/kodak/kodim20.png,real_kodim20,768x512,15.2385,91.85629464420265,full,0.000605,0.0036468850779107264,1,full__real_kodim20__rep1,16.5895,scalar_avx2,768
11.1594,1179648,3,hamiltonian_lattice_xor,1,1.02554,1.0172796889259215,512,images/datasets/real/kodak/kodim20.png,real_kodim20,768x512,99.3376,98.53747569733763,full,0.000542,0.0005376344086021505,1,full__real_kodim20__rep1,100.812,scalar_avx2,768
305.854,1179648,3,chaotic_seed_blake3_xor,1,0.610037,16.585114539097717,512,images/datasets/real/kodak/kodim20.png,real_kodim20,768x512,2.68256,72.93092854696022,full,0.000529,0.01438195648982388,1,full__real_kodim20__rep1,3.67822,scalar_avx2,768
368.742,1179648,3,aes_ctr,1,2.76077,90.4900505095201,512,images/datasets/real/kodak/kodim20.png,real_kodim20,768x512,0,0.0,full,0,0.0,1,full__real_kodim20__rep1,3.05091,openssl_evp,768
629.818,1179648,3,chacha20,1,0.970045,54.30683618570957,512,images/datasets/real/kodak/kodim20.png,real_kodim20,768x512,0,0.0,full,0,0.0,1,full__real_kodim20__rep1,1.78623,openssl_evp,768
130.737,1179648,3,logistic_xor,1,1.88628,21.92053996011658,512,images/datasets/real/kodak/kodim21.png,real_kodim21,768x512,4.80624,55.85351908407592,full,0.000785,0.00912251832638395,1,full__real_kodim21__rep1,8.60508,scalar_avx2,768
14.4442,1179648,3,logistic_permute_xor,1,1.43136,1.837769962907183,512,images/datasets/real/kodak/kodim21.png,real_kodim21,768x512,3.68746,4.73445061160136,full,71.5635,91.88272044804117,1,full__real_kodim21__rep1,77.8857,scalar_avx2,768
121.524,1179648,3,arnold_xor,1,0.358656,3.8742585669209855,512,images/datasets/real/kodak/kodim21.png,real_kodim21,768x512,3.82676,41.33726387834179,full,4.63967,50.118445655966404,1,full__real_kodim21__rep1,9.25741,scalar_avx2,768
90.0156,1179648,3,tiled_arnold_xor,1,1.39331,11.148442125814144,512,images/datasets/real/kodak/kodim21.png,real_kodim21,768x512,3.85532,30.847989246107314,full,5.92135,47.3791387284162,1,full__real_kodim21__rep1,12.4978,scalar_avx2,768
77.4499,1179648,3,tent_block_xor,1,2.32292,15.992014044266977,512,images/datasets/real/kodak/kodim21.png,real_kodim21,768x512,10.8083,74.40914254242539,full,0.00057,0.003924133420536298,1,full__real_kodim21__rep1,14.5255,scalar_avx2,768
24.8562,1179648,3,sine_xor,1,0.625934,1.3829617060388333,512,images/datasets/real/kodak/kodim21.png,real_kodim21,768x512,44.0946,97.42423840708435,full,0.000845,0.0018669742202897016,1,full__real_kodim21__rep1,45.2604,scalar_avx2,768
74.2402,1179648,3,coupled_lattice_xor,1,0.438005,2.8904543504800873,512,images/datasets/real/kodak/kodim21.png,real_kodim21,768x512,14.3736,94.85333421321806,full,0.000515,0.0033985547893225993,1,full__real_kodim21__rep1,15.1535,scalar_avx2,768
11.4057,1179648,3,hamiltonian_lattice_xor,1,0.746121,0.7564472615676601,512,images/datasets/real/kodak/kodim21.png,real_kodim21,768x512,97.4665,98.81542942710946,full,0.00054,0.000547473561589255,1,full__real_kodim21__rep1,98.6349,scalar_avx2,768
319.407,1179648,3,chaotic_seed_blake3_xor,1,0.446489,12.67660377894184,512,images/datasets/real/kodak/kodim21.png,real_kodim21,768x512,2.59158,73.57948980026406,full,0.000517,0.014678534417898159,1,full__real_kodim21__rep1,3.52215,scalar_avx2,768
366.592,1179648,3,aes_ctr,1,2.68248,87.41108116827043,512,images/datasets/real/kodak/kodim21.png,real_kodim21,768x512,0,0.0,full,0,0.0,1,full__real_kodim21__rep1,3.06881,openssl_evp,768
928.399,1179648,3,chacha20,1,0.703738,58.07569155608372,512,images/datasets/real/kodak/kodim21.png,real_kodim21,768x512,0,0.0,full,0,0.0,1,full__real_kodim21__rep1,1.21176,openssl_evp,768
140.664,1179648,3,logistic_xor,1,1.85907,23.24482543905934,512,images/datasets/real/kodak/kodim22.png,real_kodim22,768x512,4.4585,55.74671971472083,full,0.000648,0.008102248373923765,1,full__real_kodim22__rep1,7.99778,scalar_avx2,768
14.0317,1179648,3,logistic_permute_xor,1,1.27845,1.5945644242942048,512,images/datasets/real/kodak/kodim22.png,real_kodim22,768x512,3.68517,4.596379193145038,full,73.8452,92.10444587186859,1,full__real_kodim22__rep1,80.1755,scalar_avx2,768
109.324,1179648,3,arnold_xor,1,0.703496,6.836363636363636,512,images/datasets/real/kodak/kodim22.png,real_kodim22,768x512,4.02743,39.137359700694816,full,5.0164,48.74787425295175,1,full__real_kodim22__rep1,10.2905,scalar_avx2,768
85.4161,1179648,3,tiled_arnold_xor,1,1.75317,13.311036535366112,512,images/datasets/real/kodak/kodim22.png,real_kodim22,768x512,3.73587,28.364791812190603,full,6.2912,47.7662708415586,1,full__real_kodim22__rep1,13.1708,scalar_avx2,768
85.9625,1179648,3,tent_block_xor,1,1.59502,12.187726845519634,512,images/datasets/real/kodak/kodim22.png,real_kodim22,768x512,10.2472,78.30000534877857,full,0.000572,0.004370716201450284,1,full__real_kodim22__rep1,13.0871,scalar_avx2,768
23.0559,1179648,3,sine_xor,1,0.618214,1.2669721649526793,512,images/datasets/real/kodak/kodim22.png,real_kodim22,768x512,47.7257,97.80938874383642,full,0.000533,0.001092333987777336,1,full__real_kodim22__rep1,48.7946,scalar_avx2,768
68.6758,1179648,3,coupled_lattice_xor,1,0.805992,4.920195588872679,512,images/datasets/real/kodak/kodim22.png,real_kodim22,768x512,15.1803,92.66846953538486,full,0.000576,0.003516204452638069,1,full__real_kodim22__rep1,16.3813,scalar_avx2,768
11.2895,1179648,3,hamiltonian_lattice_xor,1,1.08393,1.087739262898671,512,images/datasets/real/kodak/kodim22.png,real_kodim22,768x512,98.0152,98.35965551360864,full,0.000652,0.0006542913282314667,1,full__real_kodim22__rep1,99.6498,scalar_avx2,768
311.439,1179648,3,chaotic_seed_blake3_xor,1,0.492822,13.643037876564808,512,images/datasets/real/kodak/kodim22.png,real_kodim22,768x512,2.66067,73.65665815860432,full,0.000506,0.014007851040622769,1,full__real_kodim22__rep1,3.61226,scalar_avx2,768
335.337,1179648,3,aes_ctr,1,2.94,87.63484289814983,512,images/datasets/real/kodak/kodim22.png,real_kodim22,768x512,0,0.0,full,0,0.0,1,full__real_kodim22__rep1,3.35483,openssl_evp,768
851.227,1179648,3,chacha20,1,0.58221,44.052753438961275,512,images/datasets/real/kodak/kodim22.png,real_kodim22,768x512,0,0.0,full,0,0.0,1,full__real_kodim22__rep1,1.32162,openssl_evp,768
130.171,1179648,3,logistic_xor,1,2.03282,23.52128500301419,512,images/datasets/real/kodak/kodim23.png,real_kodim23,768x512,4.61232,53.368076487393076,full,0.000526,0.006086223035775652,1,full__real_kodim23__rep1,8.64247,scalar_avx2,768
14.3787,1179648,3,logistic_permute_xor,1,1.41724,1.811389242144414,512,images/datasets/real/kodak/kodim23.png,real_kodim23,768x512,3.85895,4.932164288316153,full,71.3999,91.25695771371605,1,full__real_kodim23__rep1,78.2405,scalar_avx2,768
117.245,1179648,3,arnold_xor,1,0.391938,4.084678780905692,512,images/datasets/real/kodak/kodim23.png,real_kodim23,768x512,3.81996,39.81065769562662,full,4.94889,51.57608083940921,1,full__real_kodim23__rep1,9.59532,scalar_avx2,768
91.1726,1179648,3,tiled_arnold_xor,1,1.5718,12.738265041493776,512,images/datasets/real/kodak/kodim23.png,real_kodim23,768x512,3.79178,30.72954486514523,full,5.7194,46.35146524896266,1,full__real_kodim23__rep1,12.3392,scalar_avx2,768
84.8237,1179648,3,tent_block_xor,1,1.69257,12.761784841813192,512,images/datasets/real/kodak/kodim23.png,real_kodim23,768x512,10.0829,76.02391651838225,full,0.000535,0.004033839008354193,1,full__real_kodim23__rep1,13.2628,scalar_avx2,768
22.402,1179648,3,sine_xor,1,0.944849,1.8814722035261837,512,images/datasets/real/kodak/kodim23.png,real_kodim23,768x512,48.6701,96.91648114443652,full,0.000571,0.0011370289096071973,1,full__real_kodim23__rep1,50.2186,scalar_avx2,768
69.6907,1179648,3,coupled_lattice_xor,1,0.837666,5.189131929602854,512,images/datasets/real/kodak/kodim23.png,real_kodim23,768x512,14.8195,91.80310604793497,full,0.000583,0.0036115395813587563,1,full__real_kodim23__rep1,16.1427,scalar_avx2,768
11.4479,1179648,3,hamiltonian_lattice_xor,1,0.961383,0.9782917953915474,512,images/datasets/real/kodak/kodim23.png,real_kodim23,768x512,96.7809,98.4830815820644,full,0.000553,0.0005627261589309627,1,full__real_kodim23__rep1,98.2716,scalar_avx2,768
292.594,1179648,3,chaotic_seed_blake3_xor,1,0.623631,16.21965143527417,512,images/datasets/real/kodak/kodim23.png,real_kodim23,768x512,2.71197,70.53403070553017,full,0.000722,0.01877807282875282,1,full__real_kodim23__rep1,3.84491,scalar_avx2,768
315.956,1179648,3,aes_ctr,1,3.00594,84.4218141784296,512,images/datasets/real/kodak/kodim23.png,real_kodim23,768x512,0,0.0,full,0,0.0,1,full__real_kodim23__rep1,3.56062,openssl_evp,768
816.887,1179648,3,chacha20,1,0.678058,49.23524884183622,512,images/datasets/real/kodak/kodim23.png,real_kodim23,768x512,0,0.0,full,0,0.0,1,full__real_kodim23__rep1,1.37718,openssl_evp,768
121.994,1179648,3,logistic_xor,1,2.04709,22.198498115867377,512,images/datasets/real/kodak/kodim24.png,real_kodim24,768x512,5.03649,54.61533873722449,full,0.000513,0.005562935451514084,1,full__real_kodim24__rep1,9.22175,scalar_avx2,768
13.9905,1179648,3,logistic_permute_xor,1,2.11659,2.6321981308643663,512,images/datasets/real/kodak/kodim24.png,real_kodim24,768x512,5.01999,6.242875708076581,full,71.4978,88.91489401391591,1,full__real_kodim24__rep1,80.4115,scalar_avx2,768
122.374,1179648,3,arnold_xor,1,0.415587,4.520635562937896,512,images/datasets/real/kodak/kodim24.png,real_kodim24,768x512,3.77566,41.070540872457734,full,4.5941,49.97329521783161,1,full__real_kodim24__rep1,9.19311,scalar_avx2,768
83.4767,1179648,3,tiled_arnold_xor,1,1.9478,14.452985872017095,512,images/datasets/real/kodak/kodim24.png,real_kodim24,768x512,4.05989,30.125029680636352,full,5.97274,44.31868099252048,1,full__real_kodim24__rep1,13.4768,scalar_avx2,768
77.2596,1179648,3,tent_block_xor,1,1.92565,13.224437378530764,512,images/datasets/real/kodak/kodim24.png,real_kodim24,768x512,11.137,76.48355572648047,full,0.000737,0.005061361279556084,1,full__real_kodim24__rep1,14.5613,scalar_avx2,768
22.7379,1179648,3,sine_xor,1,1.05171,2.1256586406989926,512,images/datasets/real/kodak/kodim24.png,real_kodim24,768x512,47.9296,96.87268199907432,full,0.000555,0.0011217355978244395,1,full__real_kodim24__rep1,49.4769,scalar_avx2,768
63.7605,1179648,3,coupled_lattice_xor,1,0.975394,5.528128223438864,512,images/datasets/real/kodak/kodim24.png,real_kodim24,768x512,16.134,91.44081341177271,full,0.000643,0.0036442570363065478,1,full__real_kodim24__rep1,17.6442,scalar_avx2,768
10.7991,1179648,3,hamiltonian_lattice_xor,1,1.09437,1.0505010751036707,512,images/datasets/real/kodak/kodim24.png,real_kodim24,768x512,102.495,98.38638457994163,full,0.000717,0.000688258332053448,1,full__real_kodim24__rep1,104.176,scalar_avx2,768
291.756,1179648,3,chaotic_seed_blake3_xor,1,0.621425,16.115960746480773,512,images/datasets/real/kodak/kodim24.png,real_kodim24,768x512,2.77518,71.97118227367504,full,0.000547,0.014185831803234473,1,full__real_kodim24__rep1,3.85596,scalar_avx2,768
332.815,1179648,3,aes_ctr,1,2.86475,84.74939797530367,512,images/datasets/real/kodak/kodim24.png,real_kodim24,768x512,0,0.0,full,0,0.0,1,full__real_kodim24__rep1,3.38026,openssl_evp,768
688.982,1179648,3,chacha20,1,0.707525,43.330679486786906,512,images/datasets/real/kodak/kodim24.png,real_kodim24,768x512,0,0.0,full,0,0.0,1,full__real_kodim24__rep1,1.63285,openssl_evp,768
